,Date,Month,Day,Year,URL,AverageTemperature
0,10/16/2011,10,16,2011,http://www.wunderground.com/history/airport/KNYC/2011/10/16/DailyHistory.html,60
1,10/21/2013,10,21,2013,http://www.wunderground.com/history/airport/KNYC/2013/10/21/DailyHistory.html,58
2,9/21/2013,9,21,2013,http://www.wunderground.com/history/airport/KNYC/2013/9/21/DailyHistory.html,69
3,8/19/2013,8,19,2013,http://www.wunderground.com/history/airport/KNYC/2013/8/19/DailyHistory.html,73
4,7/21/2013,7,21,2013,http://www.wunderground.com/history/airport/KNYC/2013/7/21/DailyHistory.html,83
5,6/4/2013,6,4,2013,http://www.wunderground.com/history/airport/KNYC/2013/6/4/DailyHistory.html,66
6,10/15/2012,10,15,2012,http://www.wunderground.com/history/airport/KNYC/2012/10/15/DailyHistory.html,65
7,9/15/2012,9,15,2012,http://www.wunderground.com/history/airport/KNYC/2012/9/15/DailyHistory.html,67
8,8/18/2012,8,18,2012,http://www.wunderground.com/history/airport/KNYC/2012/8/18/DailyHistory.html,71
9,7/21/2012,7,21,2012,http://www.wunderground.com/history/airport/KNYC/2012/7/21/DailyHistory.html,70
10,6/16/2012,6,16,2012,http://www.wunderground.com/history/airport/KNYC/2012/6/16/DailyHistory.html,70
11,5/20/2012,5,20,2012,http://www.wunderground.com/history/airport/KNYC/2012/5/20/DailyHistory.html,68
12,6/24/2013,6,24,2013,http://www.wunderground.com/history/airport/KNYC/2013/6/24/DailyHistory.html,83
13,9/19/2011,9,19,2011,http://www.wunderground.com/history/airport/KNYC/2011/9/19/DailyHistory.html,60
14,8/21/2011,8,21,2011,http://www.wunderground.com/history/airport/KNYC/2011/8/21/DailyHistory.html,77
15,7/14/2011,7,14,2011,http://www.wunderground.com/history/airport/KNYC/2011/7/14/DailyHistory.html,74
16,7/2/2011,7,2,2011,http://www.wunderground.com/history/airport/KNYC/2011/7/2/DailyHistory.html,77
17,5/19/2011,5,19,2011,http://www.wunderground.com/history/airport/KNYC/2011/5/19/DailyHistory.html,68
18,10/16/2010,10,16,2010,http://www.wunderground.com/history/airport/KNYC/2010/10/16/DailyHistory.html,54
19,9/14/2010,9,14,2010,http://www.wunderground.com/history/airport/KNYC/2010/9/14/DailyHistory.html,68
20,8/21/2010,8,21,2010,http://www.wunderground.com/history/airport/KNYC/2010/8/21/DailyHistory.html,76
21,7/19/2010,7,19,2010,http://www.wunderground.com/history/airport/KNYC/2010/7/19/DailyHistory.html,82
22,5/22/2008,5,22,2008,http://www.wunderground.com/history/airport/KNYC/2008/5/22/DailyHistory.html,54
23,5/25/2010,5,25,2010,http://www.wunderground.com/history/airport/KNYC/2010/5/25/DailyHistory.html,72
24,10/23/2009,10,23,2009,http://www.wunderground.com/history/airport/KNYC/2009/10/23/DailyHistory.html,57
25,9/17/2009,9,17,2009,http://www.wunderground.com/history/airport/KNYC/2009/9/17/DailyHistory.html,59
26,8/24/2009,8,24,2009,http://www.wunderground.com/history/airport/KNYC/2009/8/24/DailyHistory.html,76
27,7/31/2009,7,31,2009,http://www.wunderground.com/history/airport/KNYC/2009/7/31/DailyHistory.html,76
28,5/15/2009,5,15,2009,http://www.wunderground.com/history/airport/KNYC/2009/5/15/DailyHistory.html,68
29,10/23/2008,10,23,2008,http://www.wunderground.com/history/airport/KNYC/2008/10/23/DailyHistory.html,47
30,9/18/2008,9,18,2008,http://www.wunderground.com/history/airport/KNYC/2008/9/18/DailyHistory.html,66
31,8/9/2008,8,9,2008,http://www.wunderground.com/history/airport/KNYC/2008/8/9/DailyHistory.html,72
32,7/17/2008,7,17,2008,http://www.wunderground.com/history/airport/KNYC/2008/7/17/DailyHistory.html,83
33,6/19/2008,6,19,2008,http://www.wunderground.com/history/airport/KNYC/2008/6/19/DailyHistory.html,65
34,6/18/2010,6,18,2010,http://www.wunderground.com/history/airport/KNYC/2010/6/18/DailyHistory.html,73
35,6/13/2009,6,13,2009,http://www.wunderground.com/history/airport/KNYC/2009/6/13/DailyHistory.html,67
36,8/23/2010,8,23,2010,http://www.wunderground.com/history/airport/KNYC/2010/8/23/DailyHistory.html,68
37,5/16/2009,5,16,2009,http://www.wunderground.com/history/airport/KNYC/2009/5/16/DailyHistory.html,65
38,9/17/2008,9,17,2008,http://www.wunderground.com/history/airport/KNYC/2008/9/17/DailyHistory.html,66
39,6/12/2009,6,12,2009,http://www.wunderground.com/history/airport/KNYC/2009/6/12/DailyHistory.html,71
40,6/18/2008,6,18,2008,http://www.wunderground.com/history/airport/KNYC/2008/6/18/DailyHistory.html,65
41,5/19/2012,5,19,2012,http://www.wunderground.com/history/airport/KNYC/2012/5/19/DailyHistory.html,67
42,8/20/2011,8,20,2011,http://www.wunderground.com/history/airport/KNYC/2011/8/20/DailyHistory.html,75
43,6/15/2012,6,15,2012,http://www.wunderground.com/history/airport/KNYC/2012/6/15/DailyHistory.html,70
44,10/20/2013,10,20,2013,http://www.wunderground.com/history/airport/KNYC/2013/10/20/DailyHistory.html,57
45,6/3/2013,6,3,2013,http://www.wunderground.com/history/airport/KNYC/2013/6/3/DailyHistory.html,72
46,9/14/2012,9,14,2012,http://www.wunderground.com/history/airport/KNYC/2012/9/14/DailyHistory.html,72
47,7/24/2012,7,24,2012,http://www.wunderground.com/history/airport/KNYC/2012/7/24/DailyHistory.html,83
48,7/20/2012,7,20,2012,http://www.wunderground.com/history/airport/KNYC/2012/7/20/DailyHistory.html,67
49,7/15/2011,7,15,2011,http://www.wunderground.com/history/airport/KNYC/2011/7/15/DailyHistory.html,77
50,7/1/2011,7,1,2011,http://www.wunderground.com/history/airport/KNYC/2011/7/1/DailyHistory.html,73
51,9/16/2008,9,16,2008,http://www.wunderground.com/history/airport/KNYC/2008/9/16/DailyHistory.html,66
52,8/20/2012,8,20,2012,http://www.wunderground.com/history/airport/KNYC/2012/8/20/DailyHistory.html,72
53,9/17/2012,9,17,2012,http://www.wunderground.com/history/airport/KNYC/2012/9/17/DailyHistory.html,68
54,10/17/2012,10,17,2012,http://www.wunderground.com/history/airport/KNYC/2012/10/17/DailyHistory.html,53
55,8/18/2013,8,18,2013,http://www.wunderground.com/history/airport/KNYC/2013/8/18/DailyHistory.html,72
56,6/23/2013,6,23,2013,http://www.wunderground.com/history/airport/KNYC/2013/6/23/DailyHistory.html,79
57,10/14/2012,10,14,2012,http://www.wunderground.com/history/airport/KNYC/2012/10/14/DailyHistory.html,62
58,8/17/2012,8,17,2012,http://www.wunderground.com/history/airport/KNYC/2012/8/17/DailyHistory.html,77
59,10/17/2011,10,17,2011,http://www.wunderground.com/history/airport/KNYC/2011/10/17/DailyHistory.html,61
60,9/18/2011,9,18,2011,http://www.wunderground.com/history/airport/KNYC/2011/9/18/DailyHistory.html,61
61,10/15/2010,10,15,2010,http://www.wunderground.com/history/airport/KNYC/2010/10/15/DailyHistory.html,53
62,8/20/2010,8,20,2010,http://www.wunderground.com/history/airport/KNYC/2010/8/20/DailyHistory.html,82
63,5/24/2010,5,24,2010,http://www.wunderground.com/history/airport/KNYC/2010/5/24/DailyHistory.html,67
64,10/22/2009,10,22,2009,http://www.wunderground.com/history/airport/KNYC/2009/10/22/DailyHistory.html,64
65,8/23/2009,8,23,2009,http://www.wunderground.com/history/airport/KNYC/2009/8/23/DailyHistory.html,79
66,6/11/2009,6,11,2009,http://www.wunderground.com/history/airport/KNYC/2009/6/11/DailyHistory.html,62
67,8/8/2008,8,8,2008,http://www.wunderground.com/history/airport/KNYC/2008/8/8/DailyHistory.html,72
68,10/14/2010,10,14,2010,http://www.wunderground.com/history/airport/KNYC/2010/10/14/DailyHistory.html,57
69,8/21/2012,8,21,2012,http://www.wunderground.com/history/airport/KNYC/2012/8/21/DailyHistory.html,74
70,6/19/2012,6,19,2012,http://www.wunderground.com/history/airport/KNYC/2012/6/19/DailyHistory.html,70
71,7/16/2008,7,16,2008,http://www.wunderground.com/history/airport/KNYC/2008/7/16/DailyHistory.html,81
72,5/21/2008,5,21,2008,http://www.wunderground.com/history/airport/KNYC/2008/5/21/DailyHistory.html,58
73,5/14/2009,5,14,2009,http://www.wunderground.com/history/airport/KNYC/2009/5/14/DailyHistory.html,62
74,10/22/2008,10,22,2008,http://www.wunderground.com/history/airport/KNYC/2008/10/22/DailyHistory.html,47
75,8/10/2008,8,10,2008,http://www.wunderground.com/history/airport/KNYC/2008/8/10/DailyHistory.html,73
76,10/18/2012,10,18,2012,http://www.wunderground.com/history/airport/KNYC/2012/10/18/DailyHistory.html,58
77,9/19/2012,9,19,2012,http://www.wunderground.com/history/airport/KNYC/2012/9/19/DailyHistory.html,64
78,7/20/2013,7,20,2013,http://www.wunderground.com/history/airport/KNYC/2013/7/20/DailyHistory.html,87
79,7/20/2010,7,20,2010,http://www.wunderground.com/history/airport/KNYC/2010/7/20/DailyHistory.html,82
80,9/13/2010,9,13,2010,http://www.wunderground.com/history/airport/KNYC/2010/9/13/DailyHistory.html,68
81,7/16/2011,7,16,2011,http://www.wunderground.com/history/airport/KNYC/2011/7/16/DailyHistory.html,80
82,6/30/2011,6,30,2011,http://www.wunderground.com/history/airport/KNYC/2011/6/30/DailyHistory.html,74
83,6/2/2013,6,2,2013,http://www.wunderground.com/history/airport/KNYC/2013/6/2/DailyHistory.html,79
84,10/27/2012,10,27,2012,http://www.wunderground.com/history/airport/KNYC/2012/10/27/DailyHistory.html,62
85,9/29/2012,9,29,2012,http://www.wunderground.com/history/airport/KNYC/2012/9/29/DailyHistory.html,61
86,5/26/2012,5,26,2012,http://www.wunderground.com/history/airport/KNYC/2012/5/26/DailyHistory.html,76
87,9/1/2012,9,1,2012,http://www.wunderground.com/history/airport/KNYC/2012/9/1/DailyHistory.html,83
88,7/28/2012,7,28,2012,http://www.wunderground.com/history/airport/KNYC/2012/7/28/DailyHistory.html,75
89,9/15/2008,9,15,2008,http://www.wunderground.com/history/airport/KNYC/2008/9/15/DailyHistory.html,74
90,6/30/2012,6,30,2012,http://www.wunderground.com/history/airport/KNYC/2012/6/30/DailyHistory.html,85
91,9/16/2009,9,16,2009,http://www.wunderground.com/history/airport/KNYC/2009/9/16/DailyHistory.html,67
92,7/30/2009,7,30,2009,http://www.wunderground.com/history/airport/KNYC/2009/7/30/DailyHistory.html,79
93,10/19/2013,10,19,2013,http://www.wunderground.com/history/airport/KNYC/2013/10/19/DailyHistory.html,58
94,9/20/2013,9,20,2013,http://www.wunderground.com/history/airport/KNYC/2013/9/20/DailyHistory.html,70
95,5/17/2009,5,17,2009,http://www.wunderground.com/history/airport/KNYC/2009/5/17/DailyHistory.html,59
96,8/7/2008,8,7,2008,http://www.wunderground.com/history/airport/KNYC/2008/8/7/DailyHistory.html,76
97,6/17/2010,6,17,2010,http://www.wunderground.com/history/airport/KNYC/2010/6/17/DailyHistory.html,70
98,6/10/2009,6,10,2009,http://www.wunderground.com/history/airport/KNYC/2009/6/10/DailyHistory.html,63
99,5/18/2011,5,18,2011,http://www.wunderground.com/history/airport/KNYC/2011/5/18/DailyHistory.html,61
100,8/16/2012,8,16,2012,http://www.wunderground.com/history/airport/KNYC/2012/8/16/DailyHistory.html,76
101,6/14/2012,6,14,2012,http://www.wunderground.com/history/airport/KNYC/2012/6/14/DailyHistory.html,70
102,6/17/2008,6,17,2008,http://www.wunderground.com/history/airport/KNYC/2008/6/17/DailyHistory.html,68
103,5/18/2012,5,18,2012,http://www.wunderground.com/history/airport/KNYC/2012/5/18/DailyHistory.html,63
104,9/17/2011,9,17,2011,http://www.wunderground.com/history/airport/KNYC/2011/9/17/DailyHistory.html,59
105,8/19/2011,8,19,2011,http://www.wunderground.com/history/airport/KNYC/2011/8/19/DailyHistory.html,75
106,9/13/2012,9,13,2012,http://www.wunderground.com/history/airport/KNYC/2012/9/13/DailyHistory.html,72
107,6/22/2013,6,22,2013,http://www.wunderground.com/history/airport/KNYC/2013/6/22/DailyHistory.html,75
108,10/18/2011,10,18,2011,http://www.wunderground.com/history/airport/KNYC/2011/10/18/DailyHistory.html,61
109,8/17/2013,8,17,2013,http://www.wunderground.com/history/airport/KNYC/2013/8/17/DailyHistory.html,74
110,7/19/2013,7,19,2013,http://www.wunderground.com/history/airport/KNYC/2013/7/19/DailyHistory.html,90
111,7/19/2012,7,19,2012,http://www.wunderground.com/history/airport/KNYC/2012/7/19/DailyHistory.html,72
112,8/6/2008,8,6,2008,http://www.wunderground.com/history/airport/KNYC/2008/8/6/DailyHistory.html,79
113,9/20/2008,9,20,2008,http://www.wunderground.com/history/airport/KNYC/2008/9/20/DailyHistory.html,60
114,8/3/2009,8,3,2009,http://www.wunderground.com/history/airport/KNYC/2009/8/3/DailyHistory.html,77
115,6/9/2009,6,9,2009,http://www.wunderground.com/history/airport/KNYC/2009/6/9/DailyHistory.html,66
116,10/21/2009,10,21,2009,http://www.wunderground.com/history/airport/KNYC/2009/10/21/DailyHistory.html,60
117,7/17/2011,7,17,2011,http://www.wunderground.com/history/airport/KNYC/2011/7/17/DailyHistory.html,82
118,10/18/2013,10,18,2013,http://www.wunderground.com/history/airport/KNYC/2013/10/18/DailyHistory.html,62
119,8/15/2012,8,15,2012,http://www.wunderground.com/history/airport/KNYC/2012/8/15/DailyHistory.html,75
120,6/29/2011,6,29,2011,http://www.wunderground.com/history/airport/KNYC/2011/6/29/DailyHistory.html,76
121,8/19/2010,8,19,2010,http://www.wunderground.com/history/airport/KNYC/2010/8/19/DailyHistory.html,80
122,5/23/2010,5,23,2010,http://www.wunderground.com/history/airport/KNYC/2010/5/23/DailyHistory.html,65
123,8/22/2009,8,22,2009,http://www.wunderground.com/history/airport/KNYC/2009/8/22/DailyHistory.html,76
124,8/18/2011,8,18,2011,http://www.wunderground.com/history/airport/KNYC/2011/8/18/DailyHistory.html,75
125,10/13/2012,10,13,2012,http://www.wunderground.com/history/airport/KNYC/2012/10/13/DailyHistory.html,46
126,6/1/2013,6,1,2013,http://www.wunderground.com/history/airport/KNYC/2013/6/1/DailyHistory.html,82
127,6/21/2013,6,21,2013,http://www.wunderground.com/history/airport/KNYC/2013/6/21/DailyHistory.html,73
128,5/20/2008,5,20,2008,http://www.wunderground.com/history/airport/KNYC/2008/5/20/DailyHistory.html,52
129,6/16/2010,6,16,2010,http://www.wunderground.com/history/airport/KNYC/2010/6/16/DailyHistory.html,70
130,6/25/2008,6,25,2008,http://www.wunderground.com/history/airport/KNYC/2008/6/25/DailyHistory.html,73
131,7/15/2008,7,15,2008,http://www.wunderground.com/history/airport/KNYC/2008/7/15/DailyHistory.html,80
132,8/21/2008,8,21,2008,http://www.wunderground.com/history/airport/KNYC/2008/8/21/DailyHistory.html,72
133,9/23/2008,9,23,2008,http://www.wunderground.com/history/airport/KNYC/2008/9/23/DailyHistory.html,62
134,10/21/2008,10,21,2008,http://www.wunderground.com/history/airport/KNYC/2008/10/21/DailyHistory.html,53
135,6/8/2009,6,8,2009,http://www.wunderground.com/history/airport/KNYC/2009/6/8/DailyHistory.html,69
136,6/23/2009,6,23,2009,http://www.wunderground.com/history/airport/KNYC/2009/6/23/DailyHistory.html,73
137,7/29/2009,7,29,2009,http://www.wunderground.com/history/airport/KNYC/2009/7/29/DailyHistory.html,77
138,8/21/2009,8,21,2009,http://www.wunderground.com/history/airport/KNYC/2009/8/21/DailyHistory.html,81
139,9/15/2009,9,15,2009,http://www.wunderground.com/history/airport/KNYC/2009/9/15/DailyHistory.html,71
140,10/20/2009,10,20,2009,http://www.wunderground.com/history/airport/KNYC/2009/10/20/DailyHistory.html,55
141,5/22/2010,5,22,2010,http://www.wunderground.com/history/airport/KNYC/2010/5/22/DailyHistory.html,66
142,6/16/2008,6,16,2008,http://www.wunderground.com/history/airport/KNYC/2008/6/16/DailyHistory.html,70
143,7/22/2010,7,22,2010,http://www.wunderground.com/history/airport/KNYC/2010/7/22/DailyHistory.html,82
144,8/18/2010,8,18,2010,http://www.wunderground.com/history/airport/KNYC/2010/8/18/DailyHistory.html,79
145,9/12/2010,9,12,2010,http://www.wunderground.com/history/airport/KNYC/2010/9/12/DailyHistory.html,63
146,10/13/2010,10,13,2010,http://www.wunderground.com/history/airport/KNYC/2010/10/13/DailyHistory.html,56
147,5/17/2011,5,17,2011,http://www.wunderground.com/history/airport/KNYC/2011/5/17/DailyHistory.html,56
148,6/28/2011,6,28,2011,http://www.wunderground.com/history/airport/KNYC/2011/6/28/DailyHistory.html,78
149,7/18/2011,7,18,2011,http://www.wunderground.com/history/airport/KNYC/2011/7/18/DailyHistory.html,85
150,8/17/2011,8,17,2011,http://www.wunderground.com/history/airport/KNYC/2011/8/17/DailyHistory.html,76
151,10/11/2012,10,11,2012,http://www.wunderground.com/history/airport/KNYC/2012/10/11/DailyHistory.html,53
152,5/30/2013,5,30,2013,http://www.wunderground.com/history/airport/KNYC/2013/5/30/DailyHistory.html,81
153,6/20/2013,6,20,2013,http://www.wunderground.com/history/airport/KNYC/2013/6/20/DailyHistory.html,71
154,8/15/2013,8,15,2013,http://www.wunderground.com/history/airport/KNYC/2013/8/15/DailyHistory.html,69
155,9/19/2013,9,19,2013,http://www.wunderground.com/history/airport/KNYC/2013/9/19/DailyHistory.html,67
156,10/17/2013,10,17,2013,http://www.wunderground.com/history/airport/KNYC/2013/10/17/DailyHistory.html,67
157,9/15/2011,9,15,2011,http://www.wunderground.com/history/airport/KNYC/2011/9/15/DailyHistory.html,65
158,10/20/2011,10,20,2011,http://www.wunderground.com/history/airport/KNYC/2011/10/20/DailyHistory.html,61
159,5/16/2012,5,16,2012,http://www.wunderground.com/history/airport/KNYC/2012/5/16/DailyHistory.html,70
160,6/12/2012,6,12,2012,http://www.wunderground.com/history/airport/KNYC/2012/6/12/DailyHistory.html,69
161,7/17/2012,7,17,2012,http://www.wunderground.com/history/airport/KNYC/2012/7/17/DailyHistory.html,85
162,8/14/2012,8,14,2012,http://www.wunderground.com/history/airport/KNYC/2012/8/14/DailyHistory.html,76
163,9/11/2012,9,11,2012,http://www.wunderground.com/history/airport/KNYC/2012/9/11/DailyHistory.html,64
164,5/13/2009,5,13,2009,http://www.wunderground.com/history/airport/KNYC/2009/5/13/DailyHistory.html,58
165,7/18/2013,7,18,2013,http://www.wunderground.com/history/airport/KNYC/2013/7/18/DailyHistory.html,90
166,9/9/2007,9,9,2007,http://www.wunderground.com/history/airport/KNYC/2007/9/9/DailyHistory.html,78
167,8/23/2007,8,23,2007,http://www.wunderground.com/history/airport/KNYC/2007/8/23/DailyHistory.html,69
168,7/16/2007,7,16,2007,http://www.wunderground.com/history/airport/KNYC/2007/7/16/DailyHistory.html,77
169,5/21/2007,5,21,2007,http://www.wunderground.com/history/airport/KNYC/2007/5/21/DailyHistory.html,62
170,9/19/2006,9,19,2006,http://www.wunderground.com/history/airport/KNYC/2006/9/19/DailyHistory.html,74
171,4/25/2007,4,25,2007,http://www.wunderground.com/history/airport/KNYC/2007/4/25/DailyHistory.html,57
172,6/28/2007,6,28,2007,http://www.wunderground.com/history/airport/KNYC/2007/6/28/DailyHistory.html,79
173,12/6/2006,12,6,2006,http://www.wunderground.com/history/airport/KNYC/2006/12/6/DailyHistory.html,40
174,10/20/2006,10,20,2006,http://www.wunderground.com/history/airport/KNYC/2006/10/20/DailyHistory.html,57
175,6/20/2007,6,20,2007,http://www.wunderground.com/history/airport/KNYC/2007/6/20/DailyHistory.html,73
176,7/20/2008,7,20,2008,http://www.wunderground.com/history/airport/KNYC/2008/7/20/DailyHistory.html,85
177,9/7/2008,9,7,2008,http://www.wunderground.com/history/airport/KNYC/2008/9/7/DailyHistory.html,74
178,6/6/2009,6,6,2009,http://www.wunderground.com/history/airport/KNYC/2009/6/6/DailyHistory.html,67
179,11/6/2011,11,6,2011,http://www.wunderground.com/history/airport/KNYC/2011/11/6/DailyHistory.html,46
180,7/14/2012,7,14,2012,http://www.wunderground.com/history/airport/KNYC/2012/7/14/DailyHistory.html,79
181,8/4/2012,8,4,2012,http://www.wunderground.com/history/airport/KNYC/2012/8/4/DailyHistory.html,83
182,9/8/2012,9,8,2012,http://www.wunderground.com/history/airport/KNYC/2012/9/8/DailyHistory.html,72
183,10/6/2012,10,6,2012,http://www.wunderground.com/history/airport/KNYC/2012/10/6/DailyHistory.html,66
184,12/5/2011,12,5,2011,http://www.wunderground.com/history/airport/KNYC/2011/12/5/DailyHistory.html,53
185,12/10/2012,12,10,2012,http://www.wunderground.com/history/airport/KNYC/2012/12/10/DailyHistory.html,52
186,11/8/2012,11,8,2012,http://www.wunderground.com/history/airport/KNYC/2012/11/8/DailyHistory.html,40
187,11/6/2012,11,6,2012,http://www.wunderground.com/history/airport/KNYC/2012/11/6/DailyHistory.html,37
188,4/9/2012,4,9,2012,http://www.wunderground.com/history/airport/KNYC/2012/4/9/DailyHistory.html,57
189,3/5/2012,3,5,2012,http://www.wunderground.com/history/airport/KNYC/2012/3/5/DailyHistory.html,36
190,2/6/2012,2,6,2012,http://www.wunderground.com/history/airport/KNYC/2012/2/6/DailyHistory.html,42
191,1/3/2012,1,3,2012,http://www.wunderground.com/history/airport/KNYC/2012/1/3/DailyHistory.html,24
192,11/7/2011,11,7,2011,http://www.wunderground.com/history/airport/KNYC/2011/11/7/DailyHistory.html,54
193,6/2/2011,6,2,2011,http://www.wunderground.com/history/airport/KNYC/2011/6/2/DailyHistory.html,71
194,5/2/2011,5,2,2011,http://www.wunderground.com/history/airport/KNYC/2011/5/2/DailyHistory.html,57
195,4/4/2011,4,4,2011,http://www.wunderground.com/history/airport/KNYC/2011/4/4/DailyHistory.html,53
196,3/7/2011,3,7,2011,http://www.wunderground.com/history/airport/KNYC/2011/3/7/DailyHistory.html,44
197,2/7/2011,2,7,2011,http://www.wunderground.com/history/airport/KNYC/2011/2/7/DailyHistory.html,41
198,1/3/2011,1,3,2011,http://www.wunderground.com/history/airport/KNYC/2011/1/3/DailyHistory.html,32
199,12/6/2010,12,6,2010,http://www.wunderground.com/history/airport/KNYC/2010/12/6/DailyHistory.html,33
200,11/8/2010,11,8,2010,http://www.wunderground.com/history/airport/KNYC/2010/11/8/DailyHistory.html,43
201,8/10/2010,8,10,2010,http://www.wunderground.com/history/airport/KNYC/2010/8/10/DailyHistory.html,85
202,6/28/2010,6,28,2010,http://www.wunderground.com/history/airport/KNYC/2010/6/28/DailyHistory.html,85
203,5/10/2010,5,10,2010,http://www.wunderground.com/history/airport/KNYC/2010/5/10/DailyHistory.html,51
204,4/6/2010,4,6,2010,http://www.wunderground.com/history/airport/KNYC/2010/4/6/DailyHistory.html,68
205,3/8/2010,3,8,2010,http://www.wunderground.com/history/airport/KNYC/2010/3/8/DailyHistory.html,51
206,1/26/2010,1,26,2010,http://www.wunderground.com/history/airport/KNYC/2010/1/26/DailyHistory.html,42
207,12/28/2009,12,28,2009,http://www.wunderground.com/history/airport/KNYC/2009/12/28/DailyHistory.html,37
208,10/19/2008,10,19,2008,http://www.wunderground.com/history/airport/KNYC/2008/10/19/DailyHistory.html,49
209,5/19/2008,5,19,2008,http://www.wunderground.com/history/airport/KNYC/2008/5/19/DailyHistory.html,54
210,10/20/2008,10,20,2008,http://www.wunderground.com/history/airport/KNYC/2008/10/20/DailyHistory.html,51
211,5/16/2008,5,16,2008,http://www.wunderground.com/history/airport/KNYC/2008/5/16/DailyHistory.html,56
212,9/6/2007,9,6,2007,http://www.wunderground.com/history/airport/KNYC/2007/9/6/DailyHistory.html,74
213,8/16/2007,8,16,2007,http://www.wunderground.com/history/airport/KNYC/2007/8/16/DailyHistory.html,79
214,7/11/2007,7,11,2007,http://www.wunderground.com/history/airport/KNYC/2007/7/11/DailyHistory.html,78
215,6/18/2007,6,18,2007,http://www.wunderground.com/history/airport/KNYC/2007/6/18/DailyHistory.html,76
216,4/18/2007,4,18,2007,http://www.wunderground.com/history/airport/KNYC/2007/4/18/DailyHistory.html,47
217,11/10/2006,11,10,2006,http://www.wunderground.com/history/airport/KNYC/2006/11/10/DailyHistory.html,56
218,10/18/2006,10,18,2006,http://www.wunderground.com/history/airport/KNYC/2006/10/18/DailyHistory.html,67
219,9/26/2006,9,26,2006,http://www.wunderground.com/history/airport/KNYC/2006/9/26/DailyHistory.html,65
220,9/9/2008,9,9,2008,http://www.wunderground.com/history/airport/KNYC/2008/9/9/DailyHistory.html,70
221,9/27/2008,9,27,2008,http://www.wunderground.com/history/airport/KNYC/2008/9/27/DailyHistory.html,66
222,1/5/2010,1,5,2010,http://www.wunderground.com/history/airport/KNYC/2010/1/5/DailyHistory.html,25
223,11/23/2009,11,23,2009,http://www.wunderground.com/history/airport/KNYC/2009/11/23/DailyHistory.html,47
224,12/1/2009,12,1,2009,http://www.wunderground.com/history/airport/KNYC/2009/12/1/DailyHistory.html,41
225,12/8/2009,12,8,2009,http://www.wunderground.com/history/airport/KNYC/2009/12/8/DailyHistory.html,39
226,12/15/2009,12,15,2009,http://www.wunderground.com/history/airport/KNYC/2009/12/15/DailyHistory.html,47
227,12/21/2009,12,21,2009,http://www.wunderground.com/history/airport/KNYC/2009/12/21/DailyHistory.html,32
228,1/12/2010,1,12,2010,http://www.wunderground.com/history/airport/KNYC/2010/1/12/DailyHistory.html,30
229,1/19/2010,1,19,2010,http://www.wunderground.com/history/airport/KNYC/2010/1/19/DailyHistory.html,44
230,2/2/2010,2,2,2010,http://www.wunderground.com/history/airport/KNYC/2010/2/2/DailyHistory.html,30
231,2/8/2010,2,8,2010,http://www.wunderground.com/history/airport/KNYC/2010/2/8/DailyHistory.html,30
232,2/15/2010,2,15,2010,http://www.wunderground.com/history/airport/KNYC/2010/2/15/DailyHistory.html,34
233,2/22/2010,2,22,2010,http://www.wunderground.com/history/airport/KNYC/2010/2/22/DailyHistory.html,37
234,3/1/2010,3,1,2010,http://www.wunderground.com/history/airport/KNYC/2010/3/1/DailyHistory.html,42
235,3/17/2010,3,17,2010,http://www.wunderground.com/history/airport/KNYC/2010/3/17/DailyHistory.html,55
236,3/22/2010,3,22,2010,http://www.wunderground.com/history/airport/KNYC/2010/3/22/DailyHistory.html,54
237,3/29/2010,3,29,2010,http://www.wunderground.com/history/airport/KNYC/2010/3/29/DailyHistory.html,51
238,4/12/2010,4,12,2010,http://www.wunderground.com/history/airport/KNYC/2010/4/12/DailyHistory.html,60
239,4/19/2010,4,19,2010,http://www.wunderground.com/history/airport/KNYC/2010/4/19/DailyHistory.html,55
240,4/26/2010,4,26,2010,http://www.wunderground.com/history/airport/KNYC/2010/4/26/DailyHistory.html,51
241,5/3/2010,5,3,2010,http://www.wunderground.com/history/airport/KNYC/2010/5/3/DailyHistory.html,74
242,5/17/2010,5,17,2010,http://www.wunderground.com/history/airport/KNYC/2010/5/17/DailyHistory.html,65
243,6/1/2010,6,1,2010,http://www.wunderground.com/history/airport/KNYC/2010/6/1/DailyHistory.html,76
244,6/8/2010,6,8,2010,http://www.wunderground.com/history/airport/KNYC/2010/6/8/DailyHistory.html,67
245,6/21/2010,6,21,2010,http://www.wunderground.com/history/airport/KNYC/2010/6/21/DailyHistory.html,79
246,7/6/2010,7,6,2010,http://www.wunderground.com/history/airport/KNYC/2010/7/6/DailyHistory.html,92
247,7/26/2010,7,26,2010,http://www.wunderground.com/history/airport/KNYC/2010/7/26/DailyHistory.html,78
248,8/3/2010,8,3,2010,http://www.wunderground.com/history/airport/KNYC/2010/8/3/DailyHistory.html,79
249,8/24/2010,8,24,2010,http://www.wunderground.com/history/airport/KNYC/2010/8/24/DailyHistory.html,67
250,8/29/2010,8,29,2010,http://www.wunderground.com/history/airport/KNYC/2010/8/29/DailyHistory.html,81
251,9/6/2010,9,6,2010,http://www.wunderground.com/history/airport/KNYC/2010/9/6/DailyHistory.html,70
252,9/20/2010,9,20,2010,http://www.wunderground.com/history/airport/KNYC/2010/9/20/DailyHistory.html,67
253,9/27/2010,9,27,2010,http://www.wunderground.com/history/airport/KNYC/2010/9/27/DailyHistory.html,67
254,10/4/2010,10,4,2010,http://www.wunderground.com/history/airport/KNYC/2010/10/4/DailyHistory.html,54
255,10/18/2010,10,18,2010,http://www.wunderground.com/history/airport/KNYC/2010/10/18/DailyHistory.html,55
256,10/25/2010,10,25,2010,http://www.wunderground.com/history/airport/KNYC/2010/10/25/DailyHistory.html,64
257,11/1/2010,11,1,2010,http://www.wunderground.com/history/airport/KNYC/2010/11/1/DailyHistory.html,43
258,11/16/2010,11,16,2010,http://www.wunderground.com/history/airport/KNYC/2010/11/16/DailyHistory.html,56
259,11/22/2010,11,22,2010,http://www.wunderground.com/history/airport/KNYC/2010/11/22/DailyHistory.html,55
260,11/29/2010,11,29,2010,http://www.wunderground.com/history/airport/KNYC/2010/11/29/DailyHistory.html,42
261,12/13/2010,12,13,2010,http://www.wunderground.com/history/airport/KNYC/2010/12/13/DailyHistory.html,35
262,12/20/2010,12,20,2010,http://www.wunderground.com/history/airport/KNYC/2010/12/20/DailyHistory.html,31
263,12/29/2010,12,29,2010,http://www.wunderground.com/history/airport/KNYC/2010/12/29/DailyHistory.html,34
264,1/11/2011,1,11,2011,http://www.wunderground.com/history/airport/KNYC/2011/1/11/DailyHistory.html,27
265,10/27/2009,10,27,2009,http://www.wunderground.com/history/airport/KNYC/2009/10/27/DailyHistory.html,53
266,6/2/2012,6,2,2012,http://www.wunderground.com/history/airport/KNYC/2012/6/2/DailyHistory.html,68
267,11/17/2009,11,17,2009,http://www.wunderground.com/history/airport/KNYC/2009/11/17/DailyHistory.html,51
268,11/10/2009,11,10,2009,http://www.wunderground.com/history/airport/KNYC/2009/11/10/DailyHistory.html,61
269,11/4/2009,11,4,2009,http://www.wunderground.com/history/airport/KNYC/2009/11/4/DailyHistory.html,47
270,10/13/2009,10,13,2009,http://www.wunderground.com/history/airport/KNYC/2009/10/13/DailyHistory.html,55
271,10/6/2009,10,6,2009,http://www.wunderground.com/history/airport/KNYC/2009/10/6/DailyHistory.html,58
272,9/29/2009,9,29,2009,http://www.wunderground.com/history/airport/KNYC/2009/9/29/DailyHistory.html,60
273,9/22/2009,9,22,2009,http://www.wunderground.com/history/airport/KNYC/2009/9/22/DailyHistory.html,69
274,9/8/2009,9,8,2009,http://www.wunderground.com/history/airport/KNYC/2009/9/8/DailyHistory.html,68
275,8/29/2009,8,29,2009,http://www.wunderground.com/history/airport/KNYC/2009/8/29/DailyHistory.html,70
276,7/19/2009,7,19,2009,http://www.wunderground.com/history/airport/KNYC/2009/7/19/DailyHistory.html,73
277,7/13/2009,7,13,2009,http://www.wunderground.com/history/airport/KNYC/2009/7/13/DailyHistory.html,70
278,7/6/2009,7,6,2009,http://www.wunderground.com/history/airport/KNYC/2009/7/6/DailyHistory.html,73
279,6/29/2009,6,29,2009,http://www.wunderground.com/history/airport/KNYC/2009/6/29/DailyHistory.html,73
280,6/16/2009,6,16,2009,http://www.wunderground.com/history/airport/KNYC/2009/6/16/DailyHistory.html,63
281,6/4/2009,6,4,2009,http://www.wunderground.com/history/airport/KNYC/2009/6/4/DailyHistory.html,62
282,5/27/2009,5,27,2009,http://www.wunderground.com/history/airport/KNYC/2009/5/27/DailyHistory.html,59
283,5/19/2009,5,19,2009,http://www.wunderground.com/history/airport/KNYC/2009/5/19/DailyHistory.html,56
284,5/5/2009,5,5,2009,http://www.wunderground.com/history/airport/KNYC/2009/5/5/DailyHistory.html,53
285,4/29/2009,4,29,2009,http://www.wunderground.com/history/airport/KNYC/2009/4/29/DailyHistory.html,59
286,4/22/2009,4,22,2009,http://www.wunderground.com/history/airport/KNYC/2009/4/22/DailyHistory.html,52
287,4/13/2009,4,13,2009,http://www.wunderground.com/history/airport/KNYC/2009/4/13/DailyHistory.html,46
288,4/8/2009,4,8,2009,http://www.wunderground.com/history/airport/KNYC/2009/4/8/DailyHistory.html,42
289,3/31/2009,3,31,2009,http://www.wunderground.com/history/airport/KNYC/2009/3/31/DailyHistory.html,49
290,3/25/2009,3,25,2009,http://www.wunderground.com/history/airport/KNYC/2009/3/25/DailyHistory.html,44
291,3/17/2009,3,17,2009,http://www.wunderground.com/history/airport/KNYC/2009/3/17/DailyHistory.html,46
292,3/10/2009,3,10,2009,http://www.wunderground.com/history/airport/KNYC/2009/3/10/DailyHistory.html,42
293,3/5/2009,3,5,2009,http://www.wunderground.com/history/airport/KNYC/2009/3/5/DailyHistory.html,36
294,2/26/2009,2,26,2009,http://www.wunderground.com/history/airport/KNYC/2009/2/26/DailyHistory.html,43
295,2/16/2009,2,16,2009,http://www.wunderground.com/history/airport/KNYC/2009/2/16/DailyHistory.html,34
296,2/11/2009,2,11,2009,http://www.wunderground.com/history/airport/KNYC/2009/2/11/DailyHistory.html,55
297,2/6/2009,2,6,2009,http://www.wunderground.com/history/airport/KNYC/2009/2/6/DailyHistory.html,24
298,10/28/2006,10,28,2006,http://www.wunderground.com/history/airport/KNYC/2006/10/28/DailyHistory.html,57
299,10/17/2006,10,17,2006,http://www.wunderground.com/history/airport/KNYC/2006/10/17/DailyHistory.html,58
300,2/5/2009,2,5,2009,http://www.wunderground.com/history/airport/KNYC/2009/2/5/DailyHistory.html,16
301,1/27/2009,1,27,2009,http://www.wunderground.com/history/airport/KNYC/2009/1/27/DailyHistory.html,27
302,9/28/2008,9,28,2008,http://www.wunderground.com/history/airport/KNYC/2008/9/28/DailyHistory.html,68
303,9/26/2008,9,26,2008,http://www.wunderground.com/history/airport/KNYC/2008/9/26/DailyHistory.html,62
304,9/19/2008,9,19,2008,http://www.wunderground.com/history/airport/KNYC/2008/9/19/DailyHistory.html,59
305,9/10/2008,9,10,2008,http://www.wunderground.com/history/airport/KNYC/2008/9/10/DailyHistory.html,66
306,9/8/2008,9,8,2008,http://www.wunderground.com/history/airport/KNYC/2008/9/8/DailyHistory.html,73
307,9/6/2008,9,6,2008,http://www.wunderground.com/history/airport/KNYC/2008/9/6/DailyHistory.html,76
308,9/5/2008,9,5,2008,http://www.wunderground.com/history/airport/KNYC/2008/9/5/DailyHistory.html,79
309,8/28/2008,8,28,2008,http://www.wunderground.com/history/airport/KNYC/2008/8/28/DailyHistory.html,74
310,8/22/2008,8,22,2008,http://www.wunderground.com/history/airport/KNYC/2008/8/22/DailyHistory.html,75
311,8/16/2008,8,16,2008,http://www.wunderground.com/history/airport/KNYC/2008/8/16/DailyHistory.html,72
312,7/31/2008,7,31,2008,http://www.wunderground.com/history/airport/KNYC/2008/7/31/DailyHistory.html,82
313,7/25/2008,7,25,2008,http://www.wunderground.com/history/airport/KNYC/2008/7/25/DailyHistory.html,76
314,7/23/2008,7,23,2008,http://www.wunderground.com/history/airport/KNYC/2008/7/23/DailyHistory.html,75
315,7/11/2008,7,11,2008,http://www.wunderground.com/history/airport/KNYC/2008/7/11/DailyHistory.html,77
316,7/10/2008,7,10,2008,http://www.wunderground.com/history/airport/KNYC/2008/7/10/DailyHistory.html,78
317,7/3/2008,7,3,2008,http://www.wunderground.com/history/airport/KNYC/2008/7/3/DailyHistory.html,80
318,7/1/2008,7,1,2008,http://www.wunderground.com/history/airport/KNYC/2008/7/1/DailyHistory.html,78
319,6/20/2008,6,20,2008,http://www.wunderground.com/history/airport/KNYC/2008/6/20/DailyHistory.html,70
320,6/9/2008,6,9,2008,http://www.wunderground.com/history/airport/KNYC/2008/6/9/DailyHistory.html,86
321,5/29/2008,5,29,2008,http://www.wunderground.com/history/airport/KNYC/2008/5/29/DailyHistory.html,63
322,10/19/2006,10,19,2006,http://www.wunderground.com/history/airport/KNYC/2006/10/19/DailyHistory.html,63
323,8/2/2007,8,2,2007,http://www.wunderground.com/history/airport/KNYC/2007/8/2/DailyHistory.html,84
324,8/3/2007,8,3,2007,http://www.wunderground.com/history/airport/KNYC/2007/8/3/DailyHistory.html,78
325,8/6/2007,8,6,2007,http://www.wunderground.com/history/airport/KNYC/2007/8/6/DailyHistory.html,78
326,5/12/2008,5,12,2008,http://www.wunderground.com/history/airport/KNYC/2008/5/12/DailyHistory.html,50
327,6/5/2008,6,5,2008,http://www.wunderground.com/history/airport/KNYC/2008/6/5/DailyHistory.html,68
328,6/12/2008,6,12,2008,http://www.wunderground.com/history/airport/KNYC/2008/6/12/DailyHistory.html,77
329,6/29/2007,6,29,2007,http://www.wunderground.com/history/airport/KNYC/2007/6/29/DailyHistory.html,72
330,7/27/2007,7,27,2007,http://www.wunderground.com/history/airport/KNYC/2007/7/27/DailyHistory.html,78
331,7/26/2007,7,26,2007,http://www.wunderground.com/history/airport/KNYC/2007/7/26/DailyHistory.html,78
332,8/1/2007,8,1,2007,http://www.wunderground.com/history/airport/KNYC/2007/8/1/DailyHistory.html,81
333,7/24/2007,7,24,2007,http://www.wunderground.com/history/airport/KNYC/2007/7/24/DailyHistory.html,70
334,7/23/2007,7,23,2007,http://www.wunderground.com/history/airport/KNYC/2007/7/23/DailyHistory.html,66
335,7/20/2007,7,20,2007,http://www.wunderground.com/history/airport/KNYC/2007/7/20/DailyHistory.html,73
336,7/18/2007,7,18,2007,http://www.wunderground.com/history/airport/KNYC/2007/7/18/DailyHistory.html,74
337,7/10/2007,7,10,2007,http://www.wunderground.com/history/airport/KNYC/2007/7/10/DailyHistory.html,83
338,7/9/2007,7,9,2007,http://www.wunderground.com/history/airport/KNYC/2007/7/9/DailyHistory.html,84
339,7/2/2007,7,2,2007,http://www.wunderground.com/history/airport/KNYC/2007/7/2/DailyHistory.html,66
340,7/30/2007,7,30,2007,http://www.wunderground.com/history/airport/KNYC/2007/7/30/DailyHistory.html,78
341,6/26/2007,6,26,2007,http://www.wunderground.com/history/airport/KNYC/2007/6/26/DailyHistory.html,82
342,6/25/2007,6,25,2007,http://www.wunderground.com/history/airport/KNYC/2007/6/25/DailyHistory.html,74
343,10/15/2006,10,15,2006,http://www.wunderground.com/history/airport/KNYC/2006/10/15/DailyHistory.html,50
344,10/14/2006,10,14,2006,http://www.wunderground.com/history/airport/KNYC/2006/10/14/DailyHistory.html,51
345,10/13/2006,10,13,2006,http://www.wunderground.com/history/airport/KNYC/2006/10/13/DailyHistory.html,48
346,5/12/2012,5,12,2012,http://www.wunderground.com/history/airport/KNYC/2012/5/12/DailyHistory.html,66
347,6/26/2012,6,26,2012,http://www.wunderground.com/history/airport/KNYC/2012/6/26/DailyHistory.html,65
348,6/14/2011,6,14,2011,http://www.wunderground.com/history/airport/KNYC/2011/6/14/DailyHistory.html,65
349,12/13/2006,12,13,2006,http://www.wunderground.com/history/airport/KNYC/2006/12/13/DailyHistory.html,52
350,5/23/2007,5,23,2007,http://www.wunderground.com/history/airport/KNYC/2007/5/23/DailyHistory.html,65
351,6/24/2008,6,24,2008,http://www.wunderground.com/history/airport/KNYC/2008/6/24/DailyHistory.html,72
352,7/2/2008,7,2,2008,http://www.wunderground.com/history/airport/KNYC/2008/7/2/DailyHistory.html,76
353,7/14/2008,7,14,2008,http://www.wunderground.com/history/airport/KNYC/2008/7/14/DailyHistory.html,74
354,8/19/2008,8,19,2008,http://www.wunderground.com/history/airport/KNYC/2008/8/19/DailyHistory.html,74
355,10/16/2013,10,16,2013,http://www.wunderground.com/history/airport/KNYC/2013/10/16/DailyHistory.html,62
356,10/19/2009,10,19,2009,http://www.wunderground.com/history/airport/KNYC/2009/10/19/DailyHistory.html,46
357,9/18/2013,9,18,2013,http://www.wunderground.com/history/airport/KNYC/2013/9/18/DailyHistory.html,62
358,10/21/2011,10,21,2011,http://www.wunderground.com/history/airport/KNYC/2011/10/21/DailyHistory.html,53
359,8/13/2012,8,13,2012,http://www.wunderground.com/history/airport/KNYC/2012/8/13/DailyHistory.html,78
360,9/10/2012,9,10,2012,http://www.wunderground.com/history/airport/KNYC/2012/9/10/DailyHistory.html,65
361,10/10/2012,10,10,2012,http://www.wunderground.com/history/airport/KNYC/2012/10/10/DailyHistory.html,60
362,5/31/2013,5,31,2013,http://www.wunderground.com/history/airport/KNYC/2013/5/31/DailyHistory.html,83
363,6/19/2013,6,19,2013,http://www.wunderground.com/history/airport/KNYC/2013/6/19/DailyHistory.html,68
364,7/17/2013,7,17,2013,http://www.wunderground.com/history/airport/KNYC/2013/7/17/DailyHistory.html,88
365,8/14/2013,8,14,2013,http://www.wunderground.com/history/airport/KNYC/2013/8/14/DailyHistory.html,68
366,7/16/2012,7,16,2012,http://www.wunderground.com/history/airport/KNYC/2012/7/16/DailyHistory.html,81
367,6/27/2011,6,27,2011,http://www.wunderground.com/history/airport/KNYC/2011/6/27/DailyHistory.html,74
368,5/15/2012,5,15,2012,http://www.wunderground.com/history/airport/KNYC/2012/5/15/DailyHistory.html,63
369,9/24/2008,9,24,2008,http://www.wunderground.com/history/airport/KNYC/2008/9/24/DailyHistory.html,62
370,5/12/2009,5,12,2009,http://www.wunderground.com/history/airport/KNYC/2009/5/12/DailyHistory.html,60
371,6/22/2009,6,22,2009,http://www.wunderground.com/history/airport/KNYC/2009/6/22/DailyHistory.html,70
372,7/28/2009,7,28,2009,http://www.wunderground.com/history/airport/KNYC/2009/7/28/DailyHistory.html,78
373,8/20/2009,8,20,2009,http://www.wunderground.com/history/airport/KNYC/2009/8/20/DailyHistory.html,82
374,5/21/2010,5,21,2010,http://www.wunderground.com/history/airport/KNYC/2010/5/21/DailyHistory.html,73
375,9/14/2009,9,14,2009,http://www.wunderground.com/history/airport/KNYC/2009/9/14/DailyHistory.html,69
376,6/15/2010,6,15,2010,http://www.wunderground.com/history/airport/KNYC/2010/6/15/DailyHistory.html,73
377,7/21/2010,7,21,2010,http://www.wunderground.com/history/airport/KNYC/2010/7/21/DailyHistory.html,85
378,8/17/2010,8,17,2010,http://www.wunderground.com/history/airport/KNYC/2010/8/17/DailyHistory.html,83
379,9/11/2010,9,11,2010,http://www.wunderground.com/history/airport/KNYC/2010/9/11/DailyHistory.html,69
380,10/12/2010,10,12,2010,http://www.wunderground.com/history/airport/KNYC/2010/10/12/DailyHistory.html,62
381,5/16/2011,5,16,2011,http://www.wunderground.com/history/airport/KNYC/2011/5/16/DailyHistory.html,58
382,7/19/2011,7,19,2011,http://www.wunderground.com/history/airport/KNYC/2011/7/19/DailyHistory.html,85
383,8/16/2011,8,16,2011,http://www.wunderground.com/history/airport/KNYC/2011/8/16/DailyHistory.html,72
384,9/14/2011,9,14,2011,http://www.wunderground.com/history/airport/KNYC/2011/9/14/DailyHistory.html,78
385,6/11/2012,6,11,2012,http://www.wunderground.com/history/airport/KNYC/2012/6/11/DailyHistory.html,71
386,6/5/2009,6,5,2009,http://www.wunderground.com/history/airport/KNYC/2009/6/5/DailyHistory.html,58
387,6/5/2007,6,5,2007,http://www.wunderground.com/history/airport/KNYC/2007/6/5/DailyHistory.html,74
388,6/4/2007,6,4,2007,http://www.wunderground.com/history/airport/KNYC/2007/6/4/DailyHistory.html,65
389,6/2/2007,6,2,2007,http://www.wunderground.com/history/airport/KNYC/2007/6/2/DailyHistory.html,80
390,7/12/2007,7,12,2007,http://www.wunderground.com/history/airport/KNYC/2007/7/12/DailyHistory.html,73
391,6/27/2007,6,27,2007,http://www.wunderground.com/history/airport/KNYC/2007/6/27/DailyHistory.html,80
392,6/12/2007,6,12,2007,http://www.wunderground.com/history/airport/KNYC/2007/6/12/DailyHistory.html,74
393,6/11/2007,6,11,2007,http://www.wunderground.com/history/airport/KNYC/2007/6/11/DailyHistory.html,74
394,6/3/2007,6,3,2007,http://www.wunderground.com/history/airport/KNYC/2007/6/3/DailyHistory.html,71
395,6/8/2007,6,8,2007,http://www.wunderground.com/history/airport/KNYC/2007/6/8/DailyHistory.html,75
396,6/7/2007,6,7,2007,http://www.wunderground.com/history/airport/KNYC/2007/6/7/DailyHistory.html,65
397,6/6/2007,6,6,2007,http://www.wunderground.com/history/airport/KNYC/2007/6/6/DailyHistory.html,64
398,6/1/2007,6,1,2007,http://www.wunderground.com/history/airport/KNYC/2007/6/1/DailyHistory.html,76
399,5/31/2007,5,31,2007,http://www.wunderground.com/history/airport/KNYC/2007/5/31/DailyHistory.html,78
400,5/30/2007,5,30,2007,http://www.wunderground.com/history/airport/KNYC/2007/5/30/DailyHistory.html,73
401,5/29/2007,5,29,2007,http://www.wunderground.com/history/airport/KNYC/2007/5/29/DailyHistory.html,71
402,10/31/2006,10,31,2006,http://www.wunderground.com/history/airport/KNYC/2006/10/31/DailyHistory.html,60
403,10/12/2006,10,12,2006,http://www.wunderground.com/history/airport/KNYC/2006/10/12/DailyHistory.html,59
404,10/11/2006,10,11,2006,http://www.wunderground.com/history/airport/KNYC/2006/10/11/DailyHistory.html,61
405,10/6/2006,10,6,2006,http://www.wunderground.com/history/airport/KNYC/2006/10/6/DailyHistory.html,55
406,10/3/2006,10,3,2006,http://www.wunderground.com/history/airport/KNYC/2006/10/3/DailyHistory.html,68
407,6/9/2007,6,9,2007,http://www.wunderground.com/history/airport/KNYC/2007/6/9/DailyHistory.html,74
408,10/2/2006,10,2,2006,http://www.wunderground.com/history/airport/KNYC/2006/10/2/DailyHistory.html,61
409,7/26/2009,7,26,2009,http://www.wunderground.com/history/airport/KNYC/2009/7/26/DailyHistory.html,76
410,7/25/2009,7,25,2009,http://www.wunderground.com/history/airport/KNYC/2009/7/25/DailyHistory.html,75
411,10/12/2008,10,12,2008,http://www.wunderground.com/history/airport/KNYC/2008/10/12/DailyHistory.html,62
412,10/29/2009,10,29,2009,http://www.wunderground.com/history/airport/KNYC/2009/10/29/DailyHistory.html,53
413,5/17/2007,5,17,2007,http://www.wunderground.com/history/airport/KNYC/2007/5/17/DailyHistory.html,62
414,6/3/2010,6,3,2010,http://www.wunderground.com/history/airport/KNYC/2010/6/3/DailyHistory.html,77
415,10/9/2009,10,9,2009,http://www.wunderground.com/history/airport/KNYC/2009/10/9/DailyHistory.html,64
416,7/15/2009,7,15,2009,http://www.wunderground.com/history/airport/KNYC/2009/7/15/DailyHistory.html,73
417,6/18/2009,6,18,2009,http://www.wunderground.com/history/airport/KNYC/2009/6/18/DailyHistory.html,62
418,8/9/2010,8,9,2010,http://www.wunderground.com/history/airport/KNYC/2010/8/9/DailyHistory.html,84
419,9/2/2009,9,2,2009,http://www.wunderground.com/history/airport/KNYC/2009/9/2/DailyHistory.html,67
420,6/19/2009,6,19,2009,http://www.wunderground.com/history/airport/KNYC/2009/6/19/DailyHistory.html,70
421,5/29/2009,5,29,2009,http://www.wunderground.com/history/airport/KNYC/2009/5/29/DailyHistory.html,65
422,10/15/2008,10,15,2008,http://www.wunderground.com/history/airport/KNYC/2008/10/15/DailyHistory.html,64
423,6/10/2010,6,10,2010,http://www.wunderground.com/history/airport/KNYC/2010/6/10/DailyHistory.html,66
